{"name":"BookApi","classpathEntries":[{"kind":"binary","path":"C:\\Program Files\\Java\\jdk1.8.0_231\\jre\\lib\\resources.jar","javadocContainerUrl":"https://docs.oracle.com/javase/1/docs/api/","isSystem":true,"isOwn":false,"isTest":false,"isJavaContent":false},{"kind":"binary","path":"C:\\Program Files\\Java\\jdk1.8.0_231\\jre\\lib\\rt.jar","javadocContainerUrl":"https://docs.oracle.com/javase/1/docs/api/","isSystem":true,"isOwn":false,"isTest":false,"isJavaContent":false},{"kind":"binary","path":"C:\\Program Files\\Java\\jdk1.8.0_231\\jre\\lib\\jsse.jar","javadocContainerUrl":"https://docs.oracle.com/javase/1/docs/api/","isSystem":true,"isOwn":false,"isTest":false,"isJavaContent":false},{"kind":"binary","path":"C:\\Program Files\\Java\\jdk1.8.0_231\\jre\\lib\\jce.jar","javadocContainerUrl":"https://docs.oracle.com/javase/1/docs/api/","isSystem":true,"isOwn":false,"isTest":false,"isJavaContent":false},{"kind":"binary","path":"C:\\Program Files\\Java\\jdk1.8.0_231\\jre\\lib\\charsets.jar","javadocContainerUrl":"https://docs.oracle.com/javase/1/docs/api/","isSystem":true,"isOwn":false,"isTest":false,"isJavaContent":false},{"kind":"binary","path":"C:\\Program Files\\Java\\jdk1.8.0_231\\jre\\lib\\jfr.jar","javadocContainerUrl":"https://docs.oracle.com/javase/1/docs/api/","isSystem":true,"isOwn":false,"isTest":false,"isJavaContent":false},{"kind":"binary","path":"C:\\Users\\santhoshsundaram\\.m2\\repository\\org\\springframework\\spring-webmvc\\4.3.10.RELEASE\\spring-webmvc-4.3.10.RELEASE.jar","sourceContainerUrl":"file:/C:/Users/santhoshsundaram/.m2/repository/org/springframework/spring-webmvc/4.3.10.RELEASE/spring-webmvc-4.3.10.RELEASE-sources.jar","javadocContainerUrl":"file:/C:/Users/santhoshsundaram/.m2/repository/org/springframework/spring-webmvc/4.3.10.RELEASE/spring-webmvc-4.3.10.RELEASE-javadoc.jar","isSystem":false,"isOwn":false,"isTest":false,"isJavaContent":false},{"kind":"binary","path":"C:\\Users\\santhoshsundaram\\.m2\\repository\\org\\springframework\\spring-aop\\4.3.10.RELEASE\\spring-aop-4.3.10.RELEASE.jar","sourceContainerUrl":"file:/C:/Users/santhoshsundaram/.m2/repository/org/springframework/spring-aop/4.3.10.RELEASE/spring-aop-4.3.10.RELEASE-sources.jar","javadocContainerUrl":"file:/C:/Users/santhoshsundaram/.m2/repository/org/springframework/spring-aop/4.3.10.RELEASE/spring-aop-4.3.10.RELEASE-javadoc.jar","isSystem":false,"isOwn":false,"isTest":false,"isJavaContent":false},{"kind":"binary","path":"C:\\Users\\santhoshsundaram\\.m2\\repository\\org\\springframework\\spring-beans\\4.3.10.RELEASE\\spring-beans-4.3.10.RELEASE.jar","sourceContainerUrl":"file:/C:/Users/santhoshsundaram/.m2/repository/org/springframework/spring-beans/4.3.10.RELEASE/spring-beans-4.3.10.RELEASE-sources.jar","javadocContainerUrl":"file:/C:/Users/santhoshsundaram/.m2/repository/org/springframework/spring-beans/4.3.10.RELEASE/spring-beans-4.3.10.RELEASE-javadoc.jar","isSystem":false,"isOwn":false,"isTest":false,"isJavaContent":false},{"kind":"binary","path":"C:\\Users\\santhoshsundaram\\.m2\\repository\\org\\springframework\\spring-context\\4.3.10.RELEASE\\spring-context-4.3.10.RELEASE.jar","sourceContainerUrl":"file:/C:/Users/santhoshsundaram/.m2/repository/org/springframework/spring-context/4.3.10.RELEASE/spring-context-4.3.10.RELEASE-sources.jar","javadocContainerUrl":"file:/C:/Users/santhoshsundaram/.m2/repository/org/springframework/spring-context/4.3.10.RELEASE/spring-context-4.3.10.RELEASE-javadoc.jar","isSystem":false,"isOwn":false,"isTest":false,"isJavaContent":false},{"kind":"binary","path":"C:\\Users\\santhoshsundaram\\.m2\\repository\\org\\springframework\\spring-core\\4.3.10.RELEASE\\spring-core-4.3.10.RELEASE.jar","sourceContainerUrl":"file:/C:/Users/santhoshsundaram/.m2/repository/org/springframework/spring-core/4.3.10.RELEASE/spring-core-4.3.10.RELEASE-sources.jar","javadocContainerUrl":"file:/C:/Users/santhoshsundaram/.m2/repository/org/springframework/spring-core/4.3.10.RELEASE/spring-core-4.3.10.RELEASE-javadoc.jar","isSystem":false,"isOwn":false,"isTest":false,"isJavaContent":false},{"kind":"binary","path":"C:\\Users\\santhoshsundaram\\.m2\\repository\\commons-logging\\commons-logging\\1.2\\commons-logging-1.2.jar","sourceContainerUrl":"file:/C:/Users/santhoshsundaram/.m2/repository/commons-logging/commons-logging/1.2/commons-logging-1.2-sources.jar","javadocContainerUrl":"file:/C:/Users/santhoshsundaram/.m2/repository/commons-logging/commons-logging/1.2/commons-logging-1.2-javadoc.jar","isSystem":false,"isOwn":false,"isTest":false,"isJavaContent":false},{"kind":"binary","path":"C:\\Users\\santhoshsundaram\\.m2\\repository\\org\\springframework\\spring-expression\\4.3.10.RELEASE\\spring-expression-4.3.10.RELEASE.jar","sourceContainerUrl":"file:/C:/Users/santhoshsundaram/.m2/repository/org/springframework/spring-expression/4.3.10.RELEASE/spring-expression-4.3.10.RELEASE-sources.jar","javadocContainerUrl":"file:/C:/Users/santhoshsundaram/.m2/repository/org/springframework/spring-expression/4.3.10.RELEASE/spring-expression-4.3.10.RELEASE-javadoc.jar","isSystem":false,"isOwn":false,"isTest":false,"isJavaContent":false},{"kind":"binary","path":"C:\\Users\\santhoshsundaram\\.m2\\repository\\org\\springframework\\spring-web\\4.3.10.RELEASE\\spring-web-4.3.10.RELEASE.jar","sourceContainerUrl":"file:/C:/Users/santhoshsundaram/.m2/repository/org/springframework/spring-web/4.3.10.RELEASE/spring-web-4.3.10.RELEASE-sources.jar","javadocContainerUrl":"file:/C:/Users/santhoshsundaram/.m2/repository/org/springframework/spring-web/4.3.10.RELEASE/spring-web-4.3.10.RELEASE-javadoc.jar","isSystem":false,"isOwn":false,"isTest":false,"isJavaContent":false},{"kind":"binary","path":"C:\\Users\\santhoshsundaram\\.m2\\repository\\org\\springframework\\spring-orm\\4.3.10.RELEASE\\spring-orm-4.3.10.RELEASE.jar","sourceContainerUrl":"file:/C:/Users/santhoshsundaram/.m2/repository/org/springframework/spring-orm/4.3.10.RELEASE/spring-orm-4.3.10.RELEASE-sources.jar","javadocContainerUrl":"file:/C:/Users/santhoshsundaram/.m2/repository/org/springframework/spring-orm/4.3.10.RELEASE/spring-orm-4.3.10.RELEASE-javadoc.jar","isSystem":false,"isOwn":false,"isTest":false,"isJavaContent":false},{"kind":"binary","path":"C:\\Users\\santhoshsundaram\\.m2\\repository\\org\\springframework\\spring-jdbc\\4.3.10.RELEASE\\spring-jdbc-4.3.10.RELEASE.jar","sourceContainerUrl":"file:/C:/Users/santhoshsundaram/.m2/repository/org/springframework/spring-jdbc/4.3.10.RELEASE/spring-jdbc-4.3.10.RELEASE-sources.jar","javadocContainerUrl":"file:/C:/Users/santhoshsundaram/.m2/repository/org/springframework/spring-jdbc/4.3.10.RELEASE/spring-jdbc-4.3.10.RELEASE-javadoc.jar","isSystem":false,"isOwn":false,"isTest":false,"isJavaContent":false},{"kind":"binary","path":"C:\\Users\\santhoshsundaram\\.m2\\repository\\org\\springframework\\spring-tx\\4.3.10.RELEASE\\spring-tx-4.3.10.RELEASE.jar","sourceContainerUrl":"file:/C:/Users/santhoshsundaram/.m2/repository/org/springframework/spring-tx/4.3.10.RELEASE/spring-tx-4.3.10.RELEASE-sources.jar","javadocContainerUrl":"file:/C:/Users/santhoshsundaram/.m2/repository/org/springframework/spring-tx/4.3.10.RELEASE/spring-tx-4.3.10.RELEASE-javadoc.jar","isSystem":false,"isOwn":false,"isTest":false,"isJavaContent":false},{"kind":"binary","path":"C:\\Users\\santhoshsundaram\\.m2\\repository\\org\\hibernate\\hibernate-core\\5.2.11.Final\\hibernate-core-5.2.11.Final.jar","sourceContainerUrl":"file:/C:/Users/santhoshsundaram/.m2/repository/org/hibernate/hibernate-core/5.2.11.Final/hibernate-core-5.2.11.Final-sources.jar","isSystem":false,"isOwn":false,"isTest":false,"isJavaContent":false},{"kind":"binary","path":"C:\\Users\\santhoshsundaram\\.m2\\repository\\org\\jboss\\logging\\jboss-logging\\3.3.0.Final\\jboss-logging-3.3.0.Final.jar","sourceContainerUrl":"file:/C:/Users/santhoshsundaram/.m2/repository/org/jboss/logging/jboss-logging/3.3.0.Final/jboss-logging-3.3.0.Final-sources.jar","javadocContainerUrl":"file:/C:/Users/santhoshsundaram/.m2/repository/org/jboss/logging/jboss-logging/3.3.0.Final/jboss-logging-3.3.0.Final-javadoc.jar","isSystem":false,"isOwn":false,"isTest":false,"isJavaContent":false},{"kind":"binary","path":"C:\\Users\\santhoshsundaram\\.m2\\repository\\org\\hibernate\\javax\\persistence\\hibernate-jpa-2.1-api\\1.0.0.Final\\hibernate-jpa-2.1-api-1.0.0.Final.jar","sourceContainerUrl":"file:/C:/Users/santhoshsundaram/.m2/repository/org/hibernate/javax/persistence/hibernate-jpa-2.1-api/1.0.0.Final/hibernate-jpa-2.1-api-1.0.0.Final-sources.jar","javadocContainerUrl":"file:/C:/Users/santhoshsundaram/.m2/repository/org/hibernate/javax/persistence/hibernate-jpa-2.1-api/1.0.0.Final/hibernate-jpa-2.1-api-1.0.0.Final-javadoc.jar","isSystem":false,"isOwn":false,"isTest":false,"isJavaContent":false},{"kind":"binary","path":"C:\\Users\\santhoshsundaram\\.m2\\repository\\org\\javassist\\javassist\\3.20.0-GA\\javassist-3.20.0-GA.jar","sourceContainerUrl":"file:/C:/Users/santhoshsundaram/.m2/repository/org/javassist/javassist/3.20.0-GA/javassist-3.20.0-GA-sources.jar","javadocContainerUrl":"file:/C:/Users/santhoshsundaram/.m2/repository/org/javassist/javassist/3.20.0-GA/javassist-3.20.0-GA-javadoc.jar","isSystem":false,"isOwn":false,"isTest":false,"isJavaContent":false},{"kind":"binary","path":"C:\\Users\\santhoshsundaram\\.m2\\repository\\antlr\\antlr\\2.7.7\\antlr-2.7.7.jar","isSystem":false,"isOwn":false,"isTest":false,"isJavaContent":false},{"kind":"binary","path":"C:\\Users\\santhoshsundaram\\.m2\\repository\\org\\jboss\\spec\\javax\\transaction\\jboss-transaction-api_1.2_spec\\1.0.1.Final\\jboss-transaction-api_1.2_spec-1.0.1.Final.jar","sourceContainerUrl":"file:/C:/Users/santhoshsundaram/.m2/repository/org/jboss/spec/javax/transaction/jboss-transaction-api_1.2_spec/1.0.1.Final/jboss-transaction-api_1.2_spec-1.0.1.Final-sources.jar","javadocContainerUrl":"file:/C:/Users/santhoshsundaram/.m2/repository/org/jboss/spec/javax/transaction/jboss-transaction-api_1.2_spec/1.0.1.Final/jboss-transaction-api_1.2_spec-1.0.1.Final-javadoc.jar","isSystem":false,"isOwn":false,"isTest":false,"isJavaContent":false},{"kind":"binary","path":"C:\\Users\\santhoshsundaram\\.m2\\repository\\org\\jboss\\jandex\\2.0.3.Final\\jandex-2.0.3.Final.jar","sourceContainerUrl":"file:/C:/Users/santhoshsundaram/.m2/repository/org/jboss/jandex/2.0.3.Final/jandex-2.0.3.Final-sources.jar","isSystem":false,"isOwn":false,"isTest":false,"isJavaContent":false},{"kind":"binary","path":"C:\\Users\\santhoshsundaram\\.m2\\repository\\com\\fasterxml\\classmate\\1.3.0\\classmate-1.3.0.jar","sourceContainerUrl":"file:/C:/Users/santhoshsundaram/.m2/repository/com/fasterxml/classmate/1.3.0/classmate-1.3.0-sources.jar","javadocContainerUrl":"file:/C:/Users/santhoshsundaram/.m2/repository/com/fasterxml/classmate/1.3.0/classmate-1.3.0-javadoc.jar","isSystem":false,"isOwn":false,"isTest":false,"isJavaContent":false},{"kind":"binary","path":"C:\\Users\\santhoshsundaram\\.m2\\repository\\dom4j\\dom4j\\1.6.1\\dom4j-1.6.1.jar","sourceContainerUrl":"file:/C:/Users/santhoshsundaram/.m2/repository/dom4j/dom4j/1.6.1/dom4j-1.6.1-sources.jar","isSystem":false,"isOwn":false,"isTest":false,"isJavaContent":false},{"kind":"binary","path":"C:\\Users\\santhoshsundaram\\.m2\\repository\\org\\hibernate\\common\\hibernate-commons-annotations\\5.0.1.Final\\hibernate-commons-annotations-5.0.1.Final.jar","sourceContainerUrl":"file:/C:/Users/santhoshsundaram/.m2/repository/org/hibernate/common/hibernate-commons-annotations/5.0.1.Final/hibernate-commons-annotations-5.0.1.Final-sources.jar","isSystem":false,"isOwn":false,"isTest":false,"isJavaContent":false},{"kind":"binary","path":"C:\\Users\\santhoshsundaram\\.m2\\repository\\org\\hibernate\\hibernate-c3p0\\5.2.11.Final\\hibernate-c3p0-5.2.11.Final.jar","sourceContainerUrl":"file:/C:/Users/santhoshsundaram/.m2/repository/org/hibernate/hibernate-c3p0/5.2.11.Final/hibernate-c3p0-5.2.11.Final-sources.jar","isSystem":false,"isOwn":false,"isTest":false,"isJavaContent":false},{"kind":"binary","path":"C:\\Users\\santhoshsundaram\\.m2\\repository\\com\\mchange\\c3p0\\0.9.5.2\\c3p0-0.9.5.2.jar","sourceContainerUrl":"file:/C:/Users/santhoshsundaram/.m2/repository/com/mchange/c3p0/0.9.5.2/c3p0-0.9.5.2-sources.jar","javadocContainerUrl":"file:/C:/Users/santhoshsundaram/.m2/repository/com/mchange/c3p0/0.9.5.2/c3p0-0.9.5.2-javadoc.jar","isSystem":false,"isOwn":false,"isTest":false,"isJavaContent":false},{"kind":"binary","path":"C:\\Users\\santhoshsundaram\\.m2\\repository\\com\\mchange\\mchange-commons-java\\0.2.11\\mchange-commons-java-0.2.11.jar","sourceContainerUrl":"file:/C:/Users/santhoshsundaram/.m2/repository/com/mchange/mchange-commons-java/0.2.11/mchange-commons-java-0.2.11-sources.jar","javadocContainerUrl":"file:/C:/Users/santhoshsundaram/.m2/repository/com/mchange/mchange-commons-java/0.2.11/mchange-commons-java-0.2.11-javadoc.jar","isSystem":false,"isOwn":false,"isTest":false,"isJavaContent":false},{"kind":"binary","path":"C:\\Users\\santhoshsundaram\\.m2\\repository\\com\\fasterxml\\jackson\\core\\jackson-databind\\2.8.7\\jackson-databind-2.8.7.jar","sourceContainerUrl":"file:/C:/Users/santhoshsundaram/.m2/repository/com/fasterxml/jackson/core/jackson-databind/2.8.7/jackson-databind-2.8.7-sources.jar","javadocContainerUrl":"file:/C:/Users/santhoshsundaram/.m2/repository/com/fasterxml/jackson/core/jackson-databind/2.8.7/jackson-databind-2.8.7-javadoc.jar","isSystem":false,"isOwn":false,"isTest":false,"isJavaContent":false},{"kind":"binary","path":"C:\\Users\\santhoshsundaram\\.m2\\repository\\com\\fasterxml\\jackson\\core\\jackson-annotations\\2.8.0\\jackson-annotations-2.8.0.jar","sourceContainerUrl":"file:/C:/Users/santhoshsundaram/.m2/repository/com/fasterxml/jackson/core/jackson-annotations/2.8.0/jackson-annotations-2.8.0-sources.jar","javadocContainerUrl":"file:/C:/Users/santhoshsundaram/.m2/repository/com/fasterxml/jackson/core/jackson-annotations/2.8.0/jackson-annotations-2.8.0-javadoc.jar","isSystem":false,"isOwn":false,"isTest":false,"isJavaContent":false},{"kind":"binary","path":"C:\\Users\\santhoshsundaram\\.m2\\repository\\com\\fasterxml\\jackson\\core\\jackson-core\\2.8.7\\jackson-core-2.8.7.jar","sourceContainerUrl":"file:/C:/Users/santhoshsundaram/.m2/repository/com/fasterxml/jackson/core/jackson-core/2.8.7/jackson-core-2.8.7-sources.jar","javadocContainerUrl":"file:/C:/Users/santhoshsundaram/.m2/repository/com/fasterxml/jackson/core/jackson-core/2.8.7/jackson-core-2.8.7-javadoc.jar","isSystem":false,"isOwn":false,"isTest":false,"isJavaContent":false},{"kind":"binary","path":"C:\\Users\\santhoshsundaram\\.m2\\repository\\javax\\servlet\\javax.servlet-api\\3.1.0\\javax.servlet-api-3.1.0.jar","sourceContainerUrl":"file:/C:/Users/santhoshsundaram/.m2/repository/javax/servlet/javax.servlet-api/3.1.0/javax.servlet-api-3.1.0-sources.jar","javadocContainerUrl":"file:/C:/Users/santhoshsundaram/.m2/repository/javax/servlet/javax.servlet-api/3.1.0/javax.servlet-api-3.1.0-javadoc.jar","isSystem":false,"isOwn":false,"isTest":false,"isJavaContent":false},{"kind":"binary","path":"C:\\Users\\santhoshsundaram\\.m2\\repository\\com\\h2database\\h2\\1.4.200\\h2-1.4.200.jar","sourceContainerUrl":"file:/C:/Users/santhoshsundaram/.m2/repository/com/h2database/h2/1.4.200/h2-1.4.200-sources.jar","javadocContainerUrl":"file:/C:/Users/santhoshsundaram/.m2/repository/com/h2database/h2/1.4.200/h2-1.4.200-javadoc.jar","isSystem":false,"isOwn":false,"isTest":false,"isJavaContent":false},{"kind":"binary","path":"C:\\Program Files\\Java\\jre1.8.0_231\\lib\\ext\\ojdbc8.jar","isSystem":false,"isOwn":false,"isTest":false,"isJavaContent":false},{"kind":"source","path":"C:\\Users\\santhoshsundaram\\Documents\\workspace-spring-tool-suite-4-4.4.2.RELEASE\\BookApi\\src\\main\\java","outputFolder":"C:\\Users\\santhoshsundaram\\Documents\\workspace-spring-tool-suite-4-4.4.2.RELEASE\\BookApi\\target\\classes","javadocContainerUrl":"file:/C:/Users/santhoshsundaram/Documents/workspace-spring-tool-suite-4-4.4.2.RELEASE/BookApi/target/site/apidocs","isSystem":false,"isOwn":true,"isTest":false,"isJavaContent":true},{"kind":"source","path":"C:\\Users\\santhoshsundaram\\Documents\\workspace-spring-tool-suite-4-4.4.2.RELEASE\\BookApi\\src\\test\\java","outputFolder":"C:\\Users\\santhoshsundaram\\Documents\\workspace-spring-tool-suite-4-4.4.2.RELEASE\\BookApi\\target\\test-classes","javadocContainerUrl":"file:/C:/Users/santhoshsundaram/Documents/workspace-spring-tool-suite-4-4.4.2.RELEASE/BookApi/target/site/apidocs","isSystem":false,"isOwn":true,"isTest":true,"isJavaContent":true},{"kind":"source","path":"C:\\Users\\santhoshsundaram\\Documents\\workspace-spring-tool-suite-4-4.4.2.RELEASE\\BookApi\\src\\main\\resources","outputFolder":"C:\\Users\\santhoshsundaram\\Documents\\workspace-spring-tool-suite-4-4.4.2.RELEASE\\BookApi\\target\\classes","isSystem":false,"isOwn":true,"isTest":false,"isJavaContent":false},{"kind":"source","path":"C:\\Users\\santhoshsundaram\\Documents\\workspace-spring-tool-suite-4-4.4.2.RELEASE\\BookApi\\src\\test\\resources","outputFolder":"C:\\Users\\santhoshsundaram\\Documents\\workspace-spring-tool-suite-4-4.4.2.RELEASE\\BookApi\\target\\test-classes","isSystem":false,"isOwn":true,"isTest":true,"isJavaContent":false},{"kind":"source","path":"C:\\Users\\santhoshsundaram\\Documents\\workspace-spring-tool-suite-4-4.4.2.RELEASE\\BookApi\\src\\test\\java","outputFolder":"C:\\Users\\santhoshsundaram\\Documents\\workspace-spring-tool-suite-4-4.4.2.RELEASE\\BookApi\\target\\test-classes","javadocContainerUrl":"file:/C:/Users/santhoshsundaram/Documents/workspace-spring-tool-suite-4-4.4.2.RELEASE/BookApi/target/site/apidocs","isSystem":false,"isOwn":true,"isTest":false,"isJavaContent":false}]}